{
  "config": {
    "total_cores": 32,
    "efficiency": 0.75
  },
  "sum_util_task": 23.976977944862156,
  "tasks": [
    "HardTask(exec=564, period=500, util=1.128)",
    "HardTask(exec=684, period=500, util=1.368)",
    "HardTask(exec=330, period=2000, util=0.165)",
    "SoftTask(exec=368, period=500, util=0.736)",
    "HardTask(exec=631, period=500, util=1.262)",
    "SoftTask(exec=803, period=500, util=1.606)",
    "SoftTask(exec=412, period=500, util=0.824)",
    "SoftTask(exec=61, period=500, util=0.122)",
    "SoftTask(exec=517, period=500, util=1.034)",
    "HardTask(exec=361, period=500, util=0.722)",
    "HardTask(exec=236, period=1500, util=0.15733333333333333)",
    "HardTask(exec=419, period=1000, util=0.419)",
    "SoftTask(exec=898, period=500, util=1.796)",
    "SoftTask(exec=639, period=500, util=1.278)",
    "HardTask(exec=255, period=1000, util=0.255)",
    "HardTask(exec=240, period=3500, util=0.06857142857142857)",
    "HardTask(exec=574, period=500, util=1.148)",
    "HardTask(exec=548, period=500, util=1.096)",
    "SoftTask(exec=488, period=500, util=0.976)",
    "HardTask(exec=89, period=9500, util=0.00936842105263158)",
    "SoftTask(exec=166, period=20500, util=0.008097560975609756)",
    "HardTask(exec=117, period=500, util=0.234)",
    "HardTask(exec=517, period=500, util=1.034)",
    "HardTask(exec=497, period=500, util=0.994)",
    "HardTask(exec=830, period=500, util=1.66)",
    "SoftTask(exec=153, period=500, util=0.306)",
    "HardTask(exec=989, period=500, util=1.978)",
    "HardTask(exec=501, period=500, util=1.002)",
    "HardTask(exec=593, period=500, util=1.186)",
    "HardTask(exec=178, period=500, util=0.356)",
    "SoftTask(exec=2001, period=500, util=4.002)",
    "SoftTask(exec=321, period=500, util=0.642)",
    "HardTask(exec=1892, period=500, util=3.784)",
    "SoftTask(exec=664, period=500, util=1.328)",
    "HardTask(exec=103, period=500, util=0.206)",
    "SoftTask(exec=1506, period=500, util=3.012)",
    "HardTask(exec=329, period=500, util=0.658)",
    "SoftTask(exec=458, period=500, util=0.916)",
    "HardTask(exec=327, period=500, util=0.654)",
    "SoftTask(exec=569, period=500, util=1.138)",
    "HardTask(exec=105, period=500, util=0.21)",
    "HardTask(exec=81, period=500, util=0.162)",
    "SoftTask(exec=330, period=500, util=0.66)",
    "HardTask(exec=391, period=3000, util=0.13033333333333333)",
    "SoftTask(exec=550, period=500, util=1.1)",
    "HardTask(exec=900, period=500, util=1.8)",
    "HardTask(exec=219, period=5000, util=0.0438)",
    "HardTask(exec=303, period=3500, util=0.08657142857142858)",
    "SoftTask(exec=266, period=500, util=0.532)",
    "SoftTask(exec=984, period=500, util=1.968)"
  ],
  "cores": [
    {
      "core_id": 0,
      "sum_util_task": 3.784,
      "tasks": [
        "HardTask(exec=1892, period=500, util=3.784)"
      ],
      "soft_tasks": [],
      "schedule": [
        {
          "start": 0,
          "end": 1892,
          "task": "HardTask(exec=1892, period=500, util=3.784)"
        }
      ]
    },
    {
      "core_id": 1,
      "sum_util_task": 1.978,
      "tasks": [
        "HardTask(exec=989, period=500, util=1.978)"
      ],
      "soft_tasks": [],
      "schedule": [
        {
          "start": 0,
          "end": 989,
          "task": "HardTask(exec=989, period=500, util=1.978)"
        }
      ]
    },
    {
      "core_id": 2,
      "sum_util_task": 1.8,
      "tasks": [
        "HardTask(exec=900, period=500, util=1.8)"
      ],
      "soft_tasks": [],
      "schedule": [
        {
          "start": 0,
          "end": 900,
          "task": "HardTask(exec=900, period=500, util=1.8)"
        }
      ]
    },
    {
      "core_id": 3,
      "sum_util_task": 1.66,
      "tasks": [
        "HardTask(exec=830, period=500, util=1.66)"
      ],
      "soft_tasks": [],
      "schedule": [
        {
          "start": 0,
          "end": 830,
          "task": "HardTask(exec=830, period=500, util=1.66)"
        }
      ]
    },
    {
      "core_id": 4,
      "sum_util_task": 1.368,
      "tasks": [
        "HardTask(exec=684, period=500, util=1.368)"
      ],
      "soft_tasks": [],
      "schedule": [
        {
          "start": 0,
          "end": 684,
          "task": "HardTask(exec=684, period=500, util=1.368)"
        }
      ]
    },
    {
      "core_id": 5,
      "sum_util_task": 1.262,
      "tasks": [
        "HardTask(exec=631, period=500, util=1.262)"
      ],
      "soft_tasks": [],
      "schedule": [
        {
          "start": 0,
          "end": 631,
          "task": "HardTask(exec=631, period=500, util=1.262)"
        }
      ]
    },
    {
      "core_id": 6,
      "sum_util_task": 1.186,
      "tasks": [
        "HardTask(exec=593, period=500, util=1.186)"
      ],
      "soft_tasks": [],
      "schedule": [
        {
          "start": 0,
          "end": 593,
          "task": "HardTask(exec=593, period=500, util=1.186)"
        }
      ]
    },
    {
      "core_id": 7,
      "sum_util_task": 1.148,
      "tasks": [
        "HardTask(exec=574, period=500, util=1.148)"
      ],
      "soft_tasks": [],
      "schedule": [
        {
          "start": 0,
          "end": 574,
          "task": "HardTask(exec=574, period=500, util=1.148)"
        }
      ]
    },
    {
      "core_id": 8,
      "sum_util_task": 1.128,
      "tasks": [
        "HardTask(exec=564, period=500, util=1.128)"
      ],
      "soft_tasks": [],
      "schedule": [
        {
          "start": 0,
          "end": 564,
          "task": "HardTask(exec=564, period=500, util=1.128)"
        }
      ]
    },
    {
      "core_id": 9,
      "sum_util_task": 1.096,
      "tasks": [
        "HardTask(exec=548, period=500, util=1.096)"
      ],
      "soft_tasks": [],
      "schedule": [
        {
          "start": 0,
          "end": 548,
          "task": "HardTask(exec=548, period=500, util=1.096)"
        }
      ]
    },
    {
      "core_id": 10,
      "sum_util_task": 1.034,
      "tasks": [
        "HardTask(exec=517, period=500, util=1.034)"
      ],
      "soft_tasks": [],
      "schedule": [
        {
          "start": 0,
          "end": 517,
          "task": "HardTask(exec=517, period=500, util=1.034)"
        }
      ]
    },
    {
      "core_id": 11,
      "sum_util_task": 1.002,
      "tasks": [
        "HardTask(exec=501, period=500, util=1.002)"
      ],
      "soft_tasks": [],
      "schedule": [
        {
          "start": 0,
          "end": 501,
          "task": "HardTask(exec=501, period=500, util=1.002)"
        }
      ]
    },
    {
      "core_id": 12,
      "sum_util_task": 0.994,
      "tasks": [
        "HardTask(exec=497, period=500, util=0.994)"
      ],
      "soft_tasks": [],
      "schedule": [
        {
          "start": 0,
          "end": 497,
          "task": "HardTask(exec=497, period=500, util=0.994)"
        }
      ]
    },
    {
      "core_id": 13,
      "sum_util_task": 0.722,
      "tasks": [
        "HardTask(exec=361, period=500, util=0.722)"
      ],
      "soft_tasks": [
        "SoftTask(exec=61, period=500, util=0.122)"
      ],
      "schedule": [
        {
          "start": 0,
          "end": 361,
          "task": "HardTask(exec=361, period=500, util=0.722)"
        },
        {
          "start": 361,
          "end": 422,
          "task": "SoftTask(exec=61, period=500, util=0.122)"
        }
      ]
    },
    {
      "core_id": 14,
      "sum_util_task": 0.658,
      "tasks": [
        "HardTask(exec=329, period=500, util=0.658)"
      ],
      "soft_tasks": [
        "SoftTask(exec=166, period=20500, util=0.008097560975609756)"
      ],
      "schedule": [
        {
          "start": 0,
          "end": 329,
          "task": "HardTask(exec=329, period=500, util=0.658)"
        },
        {
          "start": 329,
          "end": 495,
          "task": "SoftTask(exec=166, period=20500, util=0.008097560975609756)"
        }
      ]
    },
    {
      "core_id": 15,