{
  "config": {
    "total_cores": 32,
    "efficiency": 0.5
  },
  "sum_util_task": 15.981974637681157,
  "tasks": [
    "HardTask(exec=286, period=2000, util=0.143)",
    "SoftTask(exec=133, period=500, util=0.266)",
    "HardTask(exec=226, period=2000, util=0.113)",
    "SoftTask(exec=867, period=500, util=1.734)",
    "SoftTask(exec=112, period=500, util=0.224)",
    "HardTask(exec=645, period=500, util=1.29)",
    "HardTask(exec=635, period=500, util=1.27)",
    "HardTask(exec=184, period=500, util=0.368)",
    "HardTask(exec=141, period=1500, util=0.094)",
    "HardTask(exec=377, period=23000, util=0.016391304347826086)",
    "SoftTask(exec=108, period=1000, util=0.108)",
    "HardTask(exec=394, period=2000, util=0.197)",
    "HardTask(exec=363, period=500, util=0.726)",
    "SoftTask(exec=184, period=500, util=0.368)",
    "HardTask(exec=193, period=1500, util=0.12866666666666668)",
    "SoftTask(exec=285, period=500, util=0.57)",
    "HardTask(exec=51, period=500, util=0.102)",
    "SoftTask(exec=291, period=500, util=0.582)",
    "HardTask(exec=437, period=500, util=0.874)",
    "HardTask(exec=27, period=500, util=0.054)",
    "HardTask(exec=269, period=500, util=0.538)",
    "HardTask(exec=189, period=500, util=0.378)",
    "HardTask(exec=507, period=500, util=1.014)",
    "SoftTask(exec=395, period=500, util=0.79)",
    "HardTask(exec=402, period=500, util=0.804)",
    "HardTask(exec=428, period=500, util=0.856)",
    "HardTask(exec=638, period=500, util=1.276)",
    "HardTask(exec=414, period=1500, util=0.276)",
    "HardTask(exec=53, period=500, util=0.106)",
    "HardTask(exec=335, period=12000, util=0.027916666666666666)",
    "HardTask(exec=145, period=500, util=0.29)",
    "SoftTask(exec=297, period=500, util=0.594)",
    "HardTask(exec=267, period=500, util=0.534)",
    "HardTask(exec=810, period=500, util=1.62)",
    "SoftTask(exec=182, period=629500, util=0.0002891183478951549)",
    "SoftTask(exec=369, period=1500, util=0.246)",
    "HardTask(exec=105, period=1500, util=0.07)",
    "SoftTask(exec=2038, period=500, util=4.076)",
    "HardTask(exec=400, period=2500, util=0.16)",
    "HardTask(exec=391, period=500, util=0.782)",
    "SoftTask(exec=417, period=500, util=0.834)",
    "SoftTask(exec=183, period=500, util=0.366)",
    "HardTask(exec=873, period=500, util=1.746)",
    "SoftTask(exec=353, period=2000, util=0.1765)",
    "SoftTask(exec=919, period=500, util=1.838)",
    "SoftTask(exec=218, period=6500, util=0.03353846153846154)",
    "SoftTask(exec=761, period=500, util=1.522)",
    "HardTask(exec=64, period=500, util=0.128)",
    "SoftTask(exec=558, period=500, util=1.116)",
    "SoftTask(exec=270, period=500, util=0.54)"
  ],
  "cores": [
    {
      "core_id": 0,
      "sum_util_task": 1.746,
      "tasks": [
        "HardTask(exec=873, period=500, util=1.746)"
      ],
      "soft_tasks": [],
      "schedule": [
        {
          "start": 0,
          "end": 873,
          "task": "HardTask(exec=873, period=500, util=1.746)"
        }
      ]
    },
    {
      "core_id": 1,
      "sum_util_task": 1.62,
      "tasks": [
        "HardTask(exec=810, period=500, util=1.62)"
      ],
      "soft_tasks": [],
      "schedule": [
        {
          "start": 0,
          "end": 810,
          "task": "HardTask(exec=810, period=500, util=1.62)"
        }
      ]
    },
    {
      "core_id": 2,
      "sum_util_task": 1.29,
      "tasks": [
        "HardTask(exec=645, period=500, util=1.29)"
      ],
      "soft_tasks": [],
      "schedule": [
        {
          "start": 0,
          "end": 645,
          "task": "HardTask(exec=645, period=500, util=1.29)"
        }
      ]
    },
    {
      "core_id": 3,
      "sum_util_task": 1.276,
      "tasks": [
        "HardTask(exec=638, period=500, util=1.276)"
      ],
      "soft_tasks": [],
      "schedule": [
        {
          "start": 0,
          "end": 638,
          "task": "HardTask(exec=638, period=500, util=1.276)"
        }
      ]
    },
    {
      "core_id": 4,
      "sum_util_task": 1.27,
      "tasks": [
        "HardTask(exec=635, period=500, util=1.27)"
      ],
      "soft_tasks": [],
      "schedule": [
        {
          "start": 0,
          "end": 635,
          "task": "HardTask(exec=635, period=500, util=1.27)"
        }
      ]
    },
    {
      "core_id": 5,
      "sum_util_task": 1.014,
      "tasks": [
        "HardTask(exec=507, period=500, util=1.014)"
      ],
      "soft_tasks": [],
      "schedule": [
        {
          "start": 0,
          "end": 507,
          "task": "HardTask(exec=507, period=500, util=1.014)"
        }
      ]
    },
    {
      "core_id": 6,
      "sum_util_task": 0.874,
      "tasks": [
        "HardTask(exec=437, period=500, util=0.874)"
      ],
      "soft_tasks": [],
      "schedule": [
        {
          "start": 0,
          "end": 437,
          "task": "HardTask(exec=437, period=500, util=0.874)"
        }
      ]
    },
    {
      "core_id": 7,
      "sum_util_task": 0.856,
      "tasks": [
        "HardTask(exec=428, period=500, util=0.856)"
      ],
      "soft_tasks": [],
      "schedule": [
        {
          "start": 0,
          "end": 428,
          "task": "HardTask(exec=428, period=500, util=0.856)"
        }
      ]
    },
    {
      "core_id": 8,
      "sum_util_task": 0.804,
      "tasks": [
        "HardTask(exec=402, period=500, util=0.804)"
      ],
      "soft_tasks": [],
      "schedule": [
        {
          "start": 0,
          "end": 402,
          "task": "HardTask(exec=402, period=500, util=0.804)"
        }
      ]
    },
    {
      "core_id": 9,
      "sum_util_task": 0.782,
      "tasks": [
        "HardTask(exec=391, period=500, util=0.782)"
      ],
      "soft_tasks": [
        "SoftTask(exec=108, period=1000, util=0.108)"
      ],
      "schedule": [
        {
          "start": 0,
          "end": 391,
          "task": "HardTask(exec=391, period=500, util=0.782)"
        },
        {
          "start": 391,
          "end": 499,
          "task": "SoftTask(exec=108, period=1000, util=0.108)"
        }
      ]
    },
    {
      "core_id": 10,
      "sum_util_task": 0.726,
      "tasks": [
        "HardTask(exec=363, period=500, util=0.726)"
      ],
      "soft_tasks": [
        "SoftTask(exec=133, period=500, util=0.266)"
      ],
      "schedule": [
        {
          "start": 0,
          "end": 363,
          "task": "HardTask(exec=363, period=500, util=0.726)"
        },
        {
          "start": 363,
          "end": 496,
          "task": "SoftTask(exec=133, period=500, util=0.266)"
        }
      ]
    },
    {
      "core_id": 11,
      "sum_util_task": 0.538,
      "tasks": [
        "HardTask(exec=269, period=500, util=0.538)"
      ],
      "soft_tasks": [
        "SoftTask(exec=183, period=500, util=0.366)"
      ],
      "schedule": [
        {
          "start": 0,
          "end": 269,
          "task": "HardTask(exec=269, period=500, util=0.538)"
        },
        {
          "start": 269,
          "end": 452,
          "task": "SoftTask(exec=183, period=500, util=0.366)"
        }
      ]
    },
    {
      "core_id": 12,
      "sum_util_task": 0.534,
      "tasks": [
        "HardTask(exec=267, period=500, util=0.534)"
      ],
      "soft_tasks": [
        "SoftTask(exec=182, period=629500, util=0.0002891183478951549)"
      ],
      "schedule": [
        {
          "start": 0,
          "end": 267,
          "task": "HardTask(exec=267, period=500, util=0.534)"
        },
        {
          "start": 267,
          "end": 449,
          "task": "SoftTask(exec=182, period=629500, util=0.0002891183478951549)"
        }
      ]
    },
    {
      "core_id": 13,
      "sum_util_task": 0.378,
      "tasks": [
        "HardTask(exec=189, period=500, util=0.378)"
      ],
      "soft_tasks": [
        "SoftTask(exec=291, period=500, util=0.582)"
      ],
      "schedule": [
        {
          "start": 0,
          "end": 189,