{
  "config": {
    "total_cores": 32,
    "efficiency": 0.75
  },
  "sum_util_task": 9.039983333333334,
  "tasks": [
    "SoftTask(exec=374, period=1000, util=0.374)",
    "HardTask(exec=229, period=500, util=0.458)",
    "SoftTask(exec=236, period=2000, util=0.118)",
    "SoftTask(exec=168, period=500, util=0.336)",
    "SoftTask(exec=393, period=1000, util=0.393)",
    "SoftTask(exec=498, period=500, util=0.996)",
    "HardTask(exec=259, period=500, util=0.518)",
    "HardTask(exec=360, period=4000, util=0.09)",
    "SoftTask(exec=88, period=39500, util=0.0022278481012658227)",
    "HardTask(exec=326, period=24000, util=0.013583333333333333)",
    "HardTask(exec=191, period=500, util=0.382)",
    "SoftTask(exec=187, period=500, util=0.374)",
    "SoftTask(exec=274, period=2500, util=0.1096)",
    "HardTask(exec=357, period=1000, util=0.357)",
    "HardTask(exec=322, period=500, util=0.644)",
    "HardTask(exec=258, period=500, util=0.516)",
    "HardTask(exec=336, period=500, util=0.672)",
    "SoftTask(exec=224, period=500, util=0.448)",
    "SoftTask(exec=330, period=1000, util=0.33)",
    "HardTask(exec=131, period=500, util=0.262)",
    "SoftTask(exec=160, period=500, util=0.32)",
    "SoftTask(exec=275, period=500, util=0.55)",
    "HardTask(exec=346, period=3000, util=0.11533333333333333)",
    "HardTask(exec=160, period=500, util=0.32)",
    "HardTask(exec=41, period=500, util=0.082)",
    "HardTask(exec=265, period=1000, util=0.265)",
    "SoftTask(exec=133, period=500, util=0.266)",
    "SoftTask(exec=319, period=6000, util=0.05316666666666667)",
    "HardTask(exec=215, period=500, util=0.43)",
    "HardTask(exec=238, period=500, util=0.476)",
    "HardTask(exec=205, period=500, util=0.41)",
    "HardTask(exec=142, period=1500, util=0.09466666666666666)",
    "HardTask(exec=234, period=1000, util=0.234)",
    "SoftTask(exec=18, period=500, util=0.036)",
    "SoftTask(exec=465, period=500, util=0.93)",
    "HardTask(exec=315, period=500, util=0.63)",
    "HardTask(exec=300, period=1000, util=0.3)",
    "HardTask(exec=498, period=500, util=0.996)",
    "HardTask(exec=329, period=500, util=0.658)",
    "HardTask(exec=291, period=2500, util=0.1164)"
  ],
  "cores": [
    {
      "core_id": 0,
      "sum_util_task": 0.996,
      "tasks": [
        "HardTask(exec=498, period=500, util=0.996)"
      ],
      "soft_tasks": [],
      "schedule": [
        {
          "start": 0,
          "end": 498,
          "task": "HardTask(exec=498, period=500, util=0.996)"
        }
      ]
    },
    {
      "core_id": 1,
      "sum_util_task": 0.996,
      "tasks": [
        "HardTask(exec=498, period=500, util=0.996)"
      ],
      "soft_tasks": [],
      "schedule": [
        {
          "start": 0,
          "end": 498,
          "task": "HardTask(exec=498, period=500, util=0.996)"
        }
      ]
    },
    {
      "core_id": 2,
      "sum_util_task": 0.996,
      "tasks": [
        "HardTask(exec=498, period=500, util=0.996)"
      ],
      "soft_tasks": [],
      "schedule": [
        {
          "start": 0,
          "end": 498,
          "task": "HardTask(exec=498, period=500, util=0.996)"
        }
      ]
    },
    {
      "core_id": 3,
      "sum_util_task": 0.996,
      "tasks": [
        "HardTask(exec=498, period=500, util=0.996)"
      ],
      "soft_tasks": [],
      "schedule": [
        {
          "start": 0,
          "end": 498,
          "task": "HardTask(exec=498, period=500, util=0.996)"
        }
      ]
    },
    {
      "core_id": 4,
      "sum_util_task": 0.996,
      "tasks": [
        "HardTask(exec=498, period=500, util=0.996)"
      ],
      "soft_tasks": [],
      "schedule": [
        {
          "start": 0,
          "end": 498,
          "task": "HardTask(exec=498, period=500, util=0.996)"
        }
      ]
    },
    {
      "core_id": 5,
      "sum_util_task": 0.996,
      "tasks": [
        "HardTask(exec=498, period=500, util=0.996)"
      ],
      "soft_tasks": [],
      "schedule": [
        {
          "start": 0,
          "end": 498,
          "task": "HardTask(exec=498, period=500, util=0.996)"
        }
      ]
    },
    {
      "core_id": 6,
      "sum_util_task": 0.996,
      "tasks": [
        "HardTask(exec=498, period=500, util=0.996)"
      ],
      "soft_tasks": [],
      "schedule": [
        {
          "start": 0,
          "end": 498,
          "task": "HardTask(exec=498, period=500, util=0.996)"
        }
      ]
    },
    {
      "core_id": 7,
      "sum_util_task": 0.672,
      "tasks": [
        "HardTask(exec=336, period=500, util=0.672)"
      ],
      "soft_tasks": [
        "SoftTask(exec=160, period=500, util=0.32)"
      ],
      "schedule": [
        {
          "start": 0,
          "end": 336,
          "task": "HardTask(exec=336, period=500, util=0.672)"
        },
        {
          "start": 336,
          "end": 496,
          "task": "SoftTask(exec=160, period=500, util=0.32)"
        }
      ]
    },
    {
      "core_id": 8,
      "sum_util_task": 0.658,
      "tasks": [
        "HardTask(exec=329, period=500, util=0.658)"
      ],
      "soft_tasks": [
        "SoftTask(exec=133, period=500, util=0.266)",
        "SoftTask(exec=18, period=500, util=0.036)"
      ],
      "schedule": [
        {
          "start": 0,
          "end": 329,
          "task": "HardTask(exec=329, period=500, util=0.658)"
        },
        {
          "start": 329,
          "end": 462,
          "task": "SoftTask(exec=133, period=500, util=0.266)"
        },
        {
          "start": 462,
          "end": 480,
          "task": "SoftTask(exec=18, period=500, util=0.036)"
        }
      ]
    },
    {
      "core_id": 9,
      "sum_util_task": 0.644,
      "tasks": [
        "HardTask(exec=322, period=500, util=0.644)"
      ],
      "soft_tasks": [
        "SoftTask(exec=168, period=500, util=0.336)"
      ],
      "schedule": [
        {
          "start": 0,
          "end": 322,
          "task": "HardTask(exec=322, period=500, util=0.644)"
        },
        {
          "start": 322,
          "end": 490,
          "task": "SoftTask(exec=168, period=500, util=0.336)"
        }
      ]
    },
    {
      "core_id": 10,
      "sum_util_task": 0.63,
      "tasks": [
        "HardTask(exec=315, period=500, util=0.63)"
      ],
      "soft_tasks": [
        "SoftTask(exec=160, period=500, util=0.32)"
      ],
      "schedule": [
        {
          "start": 0,
          "end": 315,
          "task": "HardTask(exec=315, period=500, util=0.63)"
        },
        {
          "start": 315,
          "end": 475,
          "task": "SoftTask(exec=160, period=500, util=0.32)"
        }
      ]
    },
    {
      "core_id": 11,
      "sum_util_task": 0.518,
      "tasks": [
        "HardTask(exec=259, period=500, util=0.518)"
      ],
      "soft_tasks": [
        "SoftTask(exec=187, period=500, util=0.374)"
      ],
      "schedule": [
        {
          "start": 0,
          "end": 259,
          "task": "HardTask(exec=259, period=500, util=0.518)"
        },
        {
          "start": 259,
          "end": 446,
          "task": "SoftTask(exec=187, period=500, util=0.374)"
        }
      ]
    },
    {
      "core_id": 12,
      "sum_util_task": 0.516,
      "tasks": [
        "HardTask(exec=258, period=500, util=0.516)"
      ],
      "soft_tasks": [
        "SoftTask(exec=236, period=2000, util=0.118)"
      ],
      "schedule": [
        {
          "start": 0,
          "end": 258,
          "task": "HardTask(exec=258, period=500, util=0.516)"
        },
        {
          "start": 258,
          "end": 494,
          "task": "SoftTask(exec=236, period=2000, util=0.118)"
        }
      ]
    },
    {
      "core_id": 13,
      "sum_util_task": 0.476,
      "tasks": [
        "HardTask(exec=238, period=500, util=0.476)"
      ],
      "soft_tasks": [
        "SoftTask(exec=224, period=500, util=0.448)"
      ],
      "schedule": [
        {
          "start": 0,
          "end": 238,